Year,HTS_Code,Description,MFN_Rate,MFN_Rate_Raw,Category
2015,12019000,"Soybeans, whether or not broken, other than seed",0.0,0,Soybean
2015,85411000,"Diodes, other than photosensitive or light-emitting diodes",0.0,0,Chip
2015,85412100,"Transistors, other than photosensitive transistors, with a dissipation rating of less than 1 W",0.0,0,Chip
2015,85412900,"Transistors, other than photosensitive transistors, with a dissipation rating of 1 W or more",0.0,0,Chip
2015,85413000,"Thyristors, diacs and triacs, other than photosensitive devices",0.0,0,Chip
2015,85414020,Light-emitting diodes (LED's),0.0,0,Chip
2015,85414060,"Diodes for semiconductor devices, other than light-emitting diodes, nesi",0.0,0,Chip
2015,85414070,Photosensitive transistors,0.0,0,Chip
2015,85414080,"Photosensitive semiconductor devices nesi, optical coupled isolators",0.0,0,Chip
2015,85414095,"Photosensitive semiconductor devices nesi, other",0.0,0,Chip
2015,85415000,"Semiconductor devices other than photosensitive semiconductor devices, nesi",0.0,0,Chip
2015,85416000,Mounted piezoelectric crystals,0.0,0,Chip
2015,85419000,"Parts of diodes, transistors, similar semiconductor devices, photosensitive semiconductor devices, LED's and mounted piezoelectric crystals",0.0,0,Chip
2015,85423100,"Processors and controllers, whether or not combined with memories, converters, logic circuits, amplifiers, clock and timing circuits, or oth",0.0,0,Chip
2015,85423200,Memories,0.0,0,Chip
2015,85423300,Amplifiers,0.0,0,Chip
2015,85423900,"Electronic integrated circuits, NESOI",0.0,0,Chip
2015,85429000,Parts of electronic integrated circuits and microassemblies,0.0,0,Chip
2015,87031010,Motor vehicles specially designed for traveling on snow,0.025,0.025,Auto
2015,87031050,Golf carts and similar motor vehicles,0.025,0.025,Auto
2015,87032100,"Mtr cars & o/mtr. vehicles for transport of persons, w/spark-ign. int. combust. recip. piston engine w/cyl. cap. n/o 1000 cc",0.025,0.025,Auto
2015,87032200,"Mtr cars & o/mtr. vehicles for transport of persons, w/spark-ign. int. combust. recip. piston engine w/cyl. cap. o/1000 cc n/o 1500 cc",0.025,0.025,Auto
2015,87032300,"Mtr cars & o/mtr. vehicles for transport of persons, w/spark-ign. int. combust. recip. piston engine w/cyl. cap. o/1500 cc n/o 3000 cc",0.025,0.025,Auto
2015,87032400,"Mtr cars & o/mtr. vehicles for transport of persons, w/spark-ign. int. combust. recip. piston engine w/cyl. cap. o/ 3000 cc",0.025,0.025,Auto
2015,87033100,"Mtr cars & o/mtr. vehicles for transport of persons, w/compress.-ign. int. combust. recip. piston engine w/cyl. cap. n/o 1500 cc",0.025,0.025,Auto
2015,87033200,"Mtr cars & o/mtr. vehicles for transport of persons, w/compress.-ign. int. combust. recip. piston engine w/cyl. cap. o/1500 cc n/o 2500 cc",0.025,0.025,Auto
2015,87033300,"Mtr cars & o/mtr. vehicles for transport of persons, w/compress.-ign. int. combust. recip. piston engine w/cyl. cap. o/2500 cc",0.025,0.025,Auto
2015,87039000,"Mtr cars & other motor vehicles for transport of persons, o/than w/spark ign. or compress. ign. recip. piston engine, nesoi",0.025,0.025,Auto
2016,12019000,"Soybeans, whether or not broken, other than seed",0.0,0,Soybean
2016,85414095,"Photosensitive semiconductor devices nesi, other",0.0,0,Chip
2016,85411000,"Diodes, other than photosensitive or light-emitting diodes",0.0,0,Chip
2016,85415000,"Semiconductor devices other than photosensitive semiconductor devices, nesi",0.0,0,Chip
2016,85416000,Mounted piezoelectric crystals,0.0,0,Chip
2016,85419000,"Parts of diodes, transistors, similar semiconductor devices, photosensitive semiconductor devices, LED's and mounted piezoelectric crystals",0.0,0,Chip
2016,85423100,"Processors and controllers, whether or not combined with memories, converters, logic circuits, amplifiers, clock and timing circuits, or oth",0.0,0,Chip
2016,85423200,Memories,0.0,0,Chip
2016,85423300,Amplifiers,0.0,0,Chip
2016,85423900,"Electronic integrated circuits, NESOI",0.0,0,Chip
2016,85429000,Parts of electronic integrated circuits and microassemblies,0.0,0,Chip
2016,85412100,"Transistors, other than photosensitive transistors, with a dissipation rating of less than 1 W",0.0,0,Chip
2016,85412900,"Transistors, other than photosensitive transistors, with a dissipation rating of 1 W or more",0.0,0,Chip
2016,85413000,"Thyristors, diacs and triacs, other than photosensitive devices",0.0,0,Chip
2016,85414020,Light-emitting diodes (LED's),0.0,0,Chip
2016,85414060,"Diodes for semiconductor devices, other than light-emitting diodes, nesi",0.0,0,Chip
2016,85414070,Photosensitive transistors,0.0,0,Chip
2016,85414080,"Photosensitive semiconductor devices nesi, optical coupled isolators",0.0,0,Chip
2016,87033200,"Mtr cars & o/mtr. vehicles for transport of persons, w/compress.-ign. int. combust. recip. piston engine w/cyl. cap. o/1500 cc n/o 2500 cc",0.02,0.02,Auto
2016,87033300,"Mtr cars & o/mtr. vehicles for transport of persons, w/compress.-ign. int. combust. recip. piston engine w/cyl. cap. o/2500 cc",0.02,0.02,Auto
2016,87039000,"Mtr cars & other motor vehicles for transport of persons, o/than w/spark ign. or compress. ign. recip. piston engine, nesoi",0.02,0.02,Auto
2016,87031010,Motor vehicles specially designed for traveling on snow,0.02,0.02,Auto
2016,87031050,Golf carts and similar motor vehicles,0.02,0.02,Auto
2016,87032100,"Mtr cars & o/mtr. vehicles for transport of persons, w/spark-ign. int. combust. recip. piston engine w/cyl. cap. n/o 1000 cc",0.02,0.02,Auto
2016,87032200,"Mtr cars & o/mtr. vehicles for transport of persons, w/spark-ign. int. combust. recip. piston engine w/cyl. cap. o/1000 cc n/o 1500 cc",0.02,0.02,Auto
2016,87032300,"Mtr cars & o/mtr. vehicles for transport of persons, w/spark-ign. int. combust. recip. piston engine w/cyl. cap. o/1500 cc n/o 3000 cc",0.02,0.02,Auto
2016,87032400,"Mtr cars & o/mtr. vehicles for transport of persons, w/spark-ign. int. combust. recip. piston engine w/cyl. cap. o/ 3000 cc",0.02,0.02,Auto
2016,87033100,"Mtr cars & o/mtr. vehicles for transport of persons, w/compress.-ign. int. combust. recip. piston engine w/cyl. cap. n/o 1500 cc",0.02,0.02,Auto
2017,"12019000,""Soybeans, whether or not broken, other than seed"",""KG"",,""B"",""Free"",""0"",,0.00,0.00,0.00,,,,,,,,,,,,,,,,,,,,,,,,,,,,,,,,,,,,,,,,,,,,,,,,,,,,,,,,,,,,,,,,,,,,,,,,,,,,,""4.4 cents/kg"",""1"",0.00,0.04,0.00,2/3/2012 0:00:00,12/31/2050 0:00:00,,,,,,,,,,,,,,,,,,",,,,Soybean
2017,"85411000,""Diodes, other than photosensitive or light-emitting diodes"",""NO"",,""B"",""Free"",""0"",,0.00,0.00,0.00,,,,,,,,,,,,,,,,,,,,,,,,,,,,,,,,,,,,,,,,,,,,,,,,,,,,,,,,,,,,,,,,,,,,,,,,,,,,,""35%"",""7"",0.35,0.00,0.00,1/1/1993 0:00:00,12/31/2050 0:00:00,,,,,,,,,,,,,,,,,,",,,,Chip
2017,"85412100,""Transistors, other than photosensitive transistors, with a dissipation rating of less than 1 W"",""NO"",,""B"",""Free"",""0"",,0.00,0.00,0.00,,,,,,,,,,,,,,,,,,,,,,,,,,,,,,,,,,,,,,,,,,,,,,,,,,,,,,,,,,,,,,,,,,,,,,,,,,,,,""35%"",""7"",0.35,0.00,0.00,1/1/1989 0:00:00,12/31/2050 0:00:00,,,,,,,,,,,,,,,,,,",,,,Chip
2017,"85412900,""Transistors, other than photosensitive transistors, with a dissipation rating of 1 W or more"",""NO"",,""B"",""Free"",""0"",,0.00,0.00,0.00,,,,,,,,,,,,,,,,,,,,,,,,,,,,,,,,,,,,,,,,,,,,,,,,,,,,,,,,,,,,,,,,,,,,,,,,,,,,,""35%"",""7"",0.35,0.00,0.00,1/1/1989 0:00:00,12/31/2050 0:00:00,,,,,,,,,,,,,,,,,,",,,,Chip
2017,"85413000,""Thyristors, diacs and triacs, other than photosensitive devices"",""NO"",,""B"",""Free"",""0"",,0.00,0.00,0.00,,,,,,,,,,,,,,,,,,,,,,,,,,,,,,,,,,,,,,,,,,,,,,,,,,,,,,,,,,,,,,,,,,,,,,,,,,,,,""35%"",""7"",0.35,0.00,0.00,1/1/1989 0:00:00,12/31/2050 0:00:00,,,,,,,,,,,,,,,,,,",,,,Chip
2017,"85414020,""Light-emitting diodes (LED's)"",""NO"",,""B"",""Free"",""0"",,0.00,0.00,0.00,,,,,,,,,,,,,,,,,,,,,,,,,,,,,,,,,,,,,,,,,,,,,,,,,,,,,,,,,,,,,,,,,,,,,,,,,,,,,""20%"",""7"",0.20,0.00,0.00,1/1/1999 0:00:00,12/31/2050 0:00:00,,,,,,,,,,,,,,,,,,",,,,Chip
2017,"85414060,""Diodes for semiconductor devices, other than light-emitting diodes, nesi"",""NO"",,""B"",""Free"",""0"",,0.00,0.00,0.00,,,,,,,,,,,,,,,,,,,,,,,,,,,,,,,,,,,,,,,,,,,,,,,,,,,,,,,,,,,,,,,,,,,,,,,,,,,,,""35%"",""7"",0.35,0.00,0.00,1/1/1989 0:00:00,12/31/2050 0:00:00,,,,,,,,,,,,,,,,,,",,,,Chip
2017,"85429000,""Parts of electronic integrated circuits and microassemblies"",""X"",,""B"",""Free"",""0"",,0.00,0.00,0.00,,,,,,,,,,,,,,,,,,,,,,,,,,,,,,,,,,,,,,,,,,,,,,,,,,,,,,,,,,,,,,,,,,,,,,,,,,,,,""35%"",""7"",0.35,0.00,0.00,1/1/1989 0:00:00,12/31/2050 0:00:00,,,,,,,,,,,,,,,,,,",,,,Chip
2017,"85414070,""Photosensitive transistors"",""NO"",,""B"",""Free"",""0"",,0.00,0.00,0.00,,,,,,,,,,,,,,,,,,,,,,,,,,,,,,,,,,,,,,,,,,,,,,,,,,,,,,,,,,,,,,,,,,,,,,,,,,,,,""35%"",""7"",0.35,0.00,0.00,1/1/1989 0:00:00,12/31/2050 0:00:00,,,,,,,,,,,,,,,,,,",,,,Chip
2017,"85414080,""Photosensitive semiconductor devices nesi, optical coupled isolators"",""NO"",,""B"",""Free"",""0"",,0.00,0.00,0.00,,,,,,,,,,,,,,,,,,,,,,,,,,,,,,,,,,,,,,,,,,,,,,,,,,,,,,,,,,,,,,,,,,,,,,,,,,,,,""35%"",""7"",0.35,0.00,0.00,1/1/1994 0:00:00,12/31/2050 0:00:00,,,,,,,,,,,,,,,,,,",,,,Chip
2017,"85414095,""Photosensitive semiconductor devices nesi, other"",""NO"",,""B"",""Free"",""0"",,0.00,0.00,0.00,,,,,,,,,,,,,,,,,,,,,,,,,,,,,,,,,,,,,,,,,,,,,,,,,,,,,,,,,,,,,,,,,,,,,,,,,,,,,""35%"",""7"",0.35,0.00,0.00,1/1/1994 0:00:00,12/31/2050 0:00:00,,,,,,,,,,,,,,,,,,",,,,Chip
2017,"85415000,""Semiconductor devices other than photosensitive semiconductor devices, nesi"",""NO"",,""B"",""Free"",""0"",,0.00,0.00,0.00,,,,,,,,,,,,,,,,,,,,,,,,,,,,,,,,,,,,,,,,,,,,,,,,,,,,,,,,,,,,,,,,,,,,,,,,,,,,,""35%"",""7"",0.35,0.00,0.00,1/1/1994 0:00:00,12/31/2050 0:00:00,,,,,,,,,,,,,,,,,,",,,,Chip
2017,"85416000,""Mounted piezoelectric crystals"",""NO"",,""B"",""Free"",""0"",,0.00,0.00,0.00,,,,,,,,,,,,,,,,,,,,,,,,,,,,,,,,,,,,,,,,,,,,,,,,,,,,,,,,,,,,,,,,,,,,,,,,,,,,,""35%"",""7"",0.35,0.00,0.00,1/1/1994 0:00:00,12/31/2050 0:00:00,,,,,,,,,,,,,,,,,,",,,,Chip
2017,"85419000,""Parts of diodes, transistors, similar semiconductor devices, photosensitive semiconductor devices, LED's and mounted piezoelectric crystals"",""X"",,""B"",""Free"",""0"",,0.00,0.00,0.00,,,,,,,,,,,,,,,,,,,,,,,,,,,,,,,,,,,,,,,,,,,,,,,,,,,,,,,,,,,,,,,,,,,,,,,,,,,,,""35%"",""7"",0.35,0.00,0.00,1/1/1989 0:00:00,12/31/2050 0:00:00,,,,,,,,,,,,,,,,,,",,,,Chip
2017,"85423100,""Processors and controllers, whether or not combined with memories, converters, logic circuits, amplifiers, clock and timing circuits, or oth"",""NO"",,""B"",""Free"",""0"",,0.00,0.00,0.00,,,,,,,,,,,,,,,,,,,,,,,,,,,,,,,,,,,,,,,,,,,,,,,,,,,,,,,,,,,,,,,,,,,,,,,,,,,,,""35%"",""7"",0.35,0.00,0.00,1/1/2007 0:00:00,12/31/2050 0:00:00,,,,,,,,,,,,,,,,,,",,,,Chip
2017,"85423200,""Memories"",""NO"",,""B"",""Free"",""0"",,0.00,0.00,0.00,,,,,,,,,,,,,,,,,,,,,,,,,,,,,,,,,,,,,,,,,,,,,,,,,,,,,,,,,,,,,,,,,,,,,,,,,,,,,""35%"",""7"",0.35,0.00,0.00,1/1/2007 0:00:00,12/31/2050 0:00:00,,,,,,,,,,,,,,,,,,",,,,Chip
2017,"85423300,""Amplifiers"",""NO"",,""B"",""Free"",""0"",,0.00,0.00,0.00,,,,,,,,,,,,,,,,,,,,,,,,,,,,,,,,,,,,,,,,,,,,,,,,,,,,,,,,,,,,,,,,,,,,,,,,,,,,,""35%"",""7"",0.35,0.00,0.00,1/1/2007 0:00:00,12/31/2050 0:00:00,,,,,,,,,,,,,,,,,,",,,,Chip
2017,"85423900,""Electronic integrated circuits, NESOI"",""NO"",,""B"",""Free"",""0"",,0.00,0.00,0.00,,,,,,,,,,,,,,,,,,,,,,,,,,,,,,,,,,,,,,,,,,,,,,,,,,,,,,,,,,,,,,,,,,,,,,,,,,,,,""35%"",""7"",0.35,0.00,0.00,1/1/2007 0:00:00,12/31/2050 0:00:00,,,,,,,,,,,,,,,,,,",,,,Chip
2017,"87031010,""Motor vehicles specially designed for traveling on snow"",""NO"",,""B"",""2.5%"",""7"",,0.02,0.00,0.00,""Free (A+,AU,B,BH,CA,CL,CO,D,E,IL,JO,KR,MA,MX,OM,P,PA,PE,SG)"",,""A+"",,""B"",,""CA"",""MX"",""0"",0.00,0.00,""E"",0.00,0.00,""D"",,,,,""IL"",,,,,""JO"",""0"",0.00,0.00,0.00,""SG"",""0"",0.00,0.00,0.00,""CL"",""0"",0.00,0.00,0.00,""MA"",""0"",0.00,0.00,0.00,""AU"",""0"",0.00,0.00,0.00,""BH"",""0"",0.00,0.00,0.00,""P"",""0"",0.00,0.00,0.00,,,,,,""OM"",""0"",0.00,0.00,0.00,""PE"",""0"",0.00,0.00,0.00,,,""10%"",""7"",0.10,0.00,0.00,1/1/2016 0:00:00,12/31/2050 0:00:00,,,""KR"",""0"",0.00,0.00,0.00,""CO"",""0"",0.00,0.00,0.00,""PA"",""0"",0.00,0.00,0.00,",,,,Auto
2017,"87031050,""Golf carts and similar motor vehicles"",""NO"",,""B"",""2.5%"",""7"",,0.02,0.00,0.00,""Free(A,AU,B,BH,CA,CL,CO,D,E,IL,JO,KR,MA,MX,OM,P,PA,PE,SG)"",,""A"",,""B"",,""CA"",""MX"",""0"",0.00,0.00,""E"",0.00,0.00,""D"",,,,,""IL"",,,,,""JO"",""0"",0.00,0.00,0.00,""SG"",""0"",0.00,0.00,0.00,""CL"",""0"",0.00,0.00,0.00,""MA"",""0"",0.00,0.00,0.00,""AU"",""0"",0.00,0.00,0.00,""BH"",""0"",0.00,0.00,0.00,""P"",""0"",0.00,0.00,0.00,,,,,,""OM"",""0"",0.00,0.00,0.00,""PE"",""0"",0.00,0.00,0.00,,,""10%"",""7"",0.10,0.00,0.00,1/1/2016 0:00:00,12/31/2050 0:00:00,,,""KR"",""0"",0.00,0.00,0.00,""CO"",""0"",0.00,0.00,0.00,""PA"",""0"",0.00,0.00,0.00,",,,,Auto
2017,"87032101,""Motor vehicles to transport persons, w/spark-ign. IC recip. piston engine, w/cyl capacity <= 1, 000 cc"",""NO"",,""B"",""2.5%"",""7"",,0.02,0.00,0.00,""Free (A+,AU,B,BH,CA,CL,CO,D,E,IL,JO,KR,MA,MX,OM,P,PA,PE,SG)"",,""A+"",,""B"",,""CA"",""MX"",,,,""E"",,,""D"",,,,,""IL"",,,,,""JO"",,,,,""SG"",,,,,""CL"",,,,,""MA"",,,,,""AU"",,,,,""BH"",,,,,""P"",,,,,,,,,,""OM"",,,,,""PE"",,,,,,,""10%"",,,,,1/1/2017 0:00:00,12/31/2050 0:00:00,,,""KR"",""0"",0.00,0.00,0.00,""CO"",,,,,""PA"",,,,,",,,,Auto
2017,"87032201,""Motor vehicles to transport persons, w/spark-ign. IC recip. piston engine, w/cyl capacity > 1, 000cc but <=1, 500cc"",""NO"",,""B"",""2.5%"",""7"",,0.02,0.00,0.00,""Free (A+,AU,B,BH,CA,CL,CO,D,E,IL,JO,KR,MA,MX,OM,P,PA,PE, SG)"",,""A+"",,""B"",,""CA"",""MX"",,,,""E"",,,""D"",,,,,""IL"",,,,,""JO"",,,,,""SG"",,,,,""CL"",,,,,""MA"",,,,,""AU"",,,,,""BH"",,,,,""P"",,,,,,,,,,""OM"",,,,,""PE"",,,,,,,""10%"",,,,,1/1/2017 0:00:00,12/31/2050 0:00:00,,,""KR"",""0"",0.00,0.00,0.00,""CO"",,,,,""PA"",,,,,",,,,Auto
2017,"87032301,""Motor vehicles to transport persons, w/spark-ign. IC recip. piston engine, w/cyl capacity >1, 500cc but <=3, 000cc"",""NO"",,""B"",""2.5%"",""7"",,0.02,0.00,0.00,""Free (A+,AU,B,BH,CA,CL,CO,D,E,IL,JO,KR,MA,MX,OM, P,PA,PE,SG)"",,""A+"",,""B"",,""CA"",""MX"",,,,""E"",,,""D"",,,,,""IL"",,,,,""JO"",,,,,""SG"",,,,,""CL"",,,,,""MA"",,,,,""AU"",,,,,""BH"",,,,,""P"",,,,,,,,,,""OM"",,,,,""PE"",,,,,,,""10%"",,,,,1/1/2017 0:00:00,12/31/2050 0:00:00,,,""KR"",""0"",0.00,0.00,0.00,""CO"",,,,,""PA"",,,,,",,,,Auto
2017,"87032401,""Motor vehicles to transport persons, w/spark-ign. IC recip. piston engine, w/cyl capacity >3, 000cc"",""NO"",,""B"",""2.5%"",""7"",,0.02,0.00,0.00,""Free (A+,AU,B,BH,CA,CL,CO,D,E,IL,JO,KR,MA,MX,OM,P,PA,PE,SG)"",,""A+"",,""B"",,""CA"",""MX"",,,,""E"",,,""D"",,,,,""IL"",,,,,""JO"",,,,,""SG"",,,,,""CL"",,,,,""MA"",,,,,""AU"",,,,,""BH"",,,,,""P"",,,,,,,,,,""OM"",,,,,""PE"",,,,,,,""10%"",,,,,1/1/2017 0:00:00,12/31/2050 0:00:00,,,""KR"",""0"",0.00,0.00,0.00,""CO"",,,,,""PA"",,,,,",,,,Auto
2017,"87033101,""Motor vehicles to transport persons, w/diesel engines, of a cylinder capacity <= 1, 500cc"",""NO"",,""B"",""2.5%"",""7"",,0.02,0.00,0.00,""Free (A+,AU,B,BH,CA,CL,CO,D,E,IL,JO,KR,MA,MX,OM,P,PA,PE,SG)"",,""A+"",,""B"",,""CA"",""MX"",,,,""E"",,,""D"",,,,,""IL"",,,,,""JO"",,,,,""SG"",,,,,""CL"",,,,,""MA"",,,,,""AU"",,,,,""BH"",,,,,""P"",,,,,,,,,,""OM"",,,,,""PE"",,,,,,,""10%"",,,,,1/1/2017 0:00:00,12/31/2050 0:00:00,,,""KR"",""0"",0.00,0.00,0.00,""CO"",,,,,""PA"",,,,,",,,,Auto
2017,"87033201,""Motor vehicles to transport persons, w/diesel engines, of a cylinder capacity > 1, 500cc but <= 2, 500cc"",""NO"",,""B"",""2.5%"",""7"",,0.02,0.00,0.00,""Free (A+,AU,B,BH,CA,CL,CO,D,E,IL,JO,KR,MA,MX,OM,P,PA,PE,SG)"",,""A+"",,""B"",,""CA"",""MX"",,,,""E"",,,""D"",,,,,""IL"",,,,,""JO"",,,,,""SG"",,,,,""CL"",,,,,""MA"",,,,,""AU"",,,,,""BH"",,,,,""P"",,,,,,,,,,""OM"",,,,,""PE"",,,,,,,""10%"",,,,,1/1/2017 0:00:00,12/31/2050 0:00:00,,,""KR"",""0"",0.00,0.00,0.00,""CO"",,,,,""PA"",,,,,",,,,Auto
2017,"87033301,""Motor vehicles to transport persons, w/diesel engines, of a cylinder capacity > 2, 500cc"",""NO"",,""B"",""2.5%"",""7"",,0.02,0.00,0.00,""Free (A+,AU,B,BH,CA,CL,CO,D,E,IL,JO,KR,MA,MX,OM,P,PA,PE,SG)"",,""A+"",,""B"",,""CA"",""MX"",,,,""E"",,,""D"",,,,,""IL"",,,,,""JO"",,,,,""SG"",,,,,""CL"",,,,,""MA"",,,,,""AU"",,,,,""BH"",,,,,""P"",,,,,,,,,,""OM"",,,,,""PE"",,,,,,,""10%"",,,,,1/1/2017 0:00:00,12/31/2050 0:00:00,,,""KR"",""0"",0.00,0.00,0.00,""CO"",,,,,""PA"",,,,,",,,,Auto
2017,"87034000,""Motor vehicles to transport persons, w/spark-ign. IC recip. piston engine & elec motor incapable of charge by plug to exetrnal source"",""NO"",,""B"",""2.5%"",""7"",,0.02,0.00,0.00,""Free (A+,AU,B,BH,CA,CL,CO,D,E,IL,JO,KR,MA,MX,OM,P,PA,PE,SG)"",,""A+"",,""B"",,""CA"",""MX"",,,,""E"",,,""D"",,,,,""IL"",,,,,""JO"",,,,,""SG"",,,,,""CL"",,,,,""MA"",,,,,""AU"",,,,,""BH"",,,,,""P"",,,,,,,,,,""OM"",,,,,""PE"",,,,,,,""10%"",,,,,1/1/2017 0:00:00,12/31/2050 0:00:00,,,""KR"",""0"",0.00,0.00,0.00,""CO"",,,,,""PA"",,,,,",,,,Auto
2017,"87035000,""Motor vehicles to transport persons, w/diesel engine & elec motor incapable of charge by plug to external source"",""NO"",,""B"",""2.5%"",""7"",,0.02,0.00,0.00,""Free (A+,AU,B,BH,CA,CL,CO,D,E,IL,JO,KR,MA,MX,OM,P,PA,PE,SG)"",,""A+"",,""B"",,""CA"",""MX"",,,,""E"",,,""D"",,,,,""IL"",,,,,""JO"",,,,,""SG"",,,,,""CL"",,,,,""MA"",,,,,""AU"",,,,,""BH"",,,,,""P"",,,,,,,,,,""OM"",,,,,""PE"",,,,,,,""10%"",,,,,1/1/2017 0:00:00,12/31/2050 0:00:00,,,""KR"",""0"",0.00,0.00,0.00,""CO"",,,,,""PA"",,,,,",,,,Auto
2017,"87036000,""Motor vehicles to transport persons, w/spark-ign. IC recip. piston engine & elec motor capable of charge by plug to external source"",""NO"",,""B"",""2.5%"",""7"",,0.02,0.00,0.00,""Free (A+,AU,B,BH,CA,CL,CO,D,E,IL,JO,KR,MA,MX,OM,P,PA,PE,SG)"",,""A+"",,""B"",,""CA"",""MX"",,,,""E"",,,""D"",,,,,""IL"",,,,,""JO"",,,,,""SG"",,,,,""CL"",,,,,""MA"",,,,,""AU"",,,,,""BH"",,,,,""P"",,,,,,,,,,""OM"",,,,,""PE"",,,,,,,""10%"",,,,,1/1/2017 0:00:00,12/31/2050 0:00:00,,,""KR"",""0"",0.00,0.00,0.00,""CO"",,,,,""PA"",,,,,",,,,Auto
2017,"87037000,""Motor vehicles to transport persons, w/diesel engine & elec motor capable of charge by plug to external source"",""NO"",,""B"",""2.5%"",""7"",,0.02,0.00,0.00,""Free (A+,AU,B,BH,CA,CL,CO,D,E,IL,JO,KR,MA,MX,OM,P,PA,PE,SG)"",,""A+"",,""B"",,""CA"",""MX"",,,,""E"",,,""D"",,,,,""IL"",,,,,""JO"",,,,,""SG"",,,,,""CL"",,,,,""MA"",,,,,""AU"",,,,,""BH"",,,,,""P"",,,,,,,,,,""OM"",,,,,""PE"",,,,,,,""10%"",,,,,1/1/2017 0:00:00,12/31/2050 0:00:00,,,""KR"",""0"",0.00,0.00,0.00,""CO"",,,,,""PA"",,,,,",,,,Auto
2017,"87038000,""Motor vehicles to transport persons, w/electric motor for propulsion"",""NO"",,""B"",""2.5%"",""7"",,0.02,0.00,0.00,""Free (A+,AU,B,BH,CA,CL,CO,D,E,IL,JO,KR,MA,MX,OM,P,PA,PE,SG)"",,""A+"",,""B"",,""CA"",""MX"",,,,""E"",,,""D"",,,,,""IL"",,,,,""JO"",,,,,""SG"",,,,,""CL"",,,,,""MA"",,,,,""AU"",,,,,""BH"",,,,,""P"",,,,,,,,,,""OM"",,,,,""PE"",,,,,,,""10%"",,,,,1/1/2017 0:00:00,12/31/2050 0:00:00,,,""KR"",""0"",0.00,0.00,0.00,""CO"",,,,,""PA"",,,,,",,,,Auto
2017,"87039001,""Motor vehicles to transport persons, nesoi"",""NO"",,""B"",""2.5%"",""7"",,0.02,0.00,0.00,""Free (A+,AU,B,BH,CA,CL,CO,D,E,IL,JO,KR,MA,MX,OM,P,PA,PE,SG)"",,""A+"",,""B"",,""CA"",""MX"",,,,""E"",,,""D"",,,,,""IL"",,,,,""JO"",,,,,""SG"",,,,,""CL"",,,,,""MA"",,,,,""AU"",,,,,""BH"",,,,,""P"",,,,,,,,,,""OM"",,,,,""PE"",,,,,,,""10%"",,,,,1/1/2017 0:00:00,12/31/2050 0:00:00,,,""KR"",""0"",0.00,0.00,0.00,""CO"",,,,,""PA"",,,,,",,,,Auto
2018,"12019000,""Soybeans, whether or not broken, other than seed"",""KG"",,""B"",""Free"",""0"",,0.00,0.00,0.00,,,,,,,,,,,,,,,,,,,,,,,,,,,,,,,,,,,,,,,,,,,,,,,,,,,,,,,,,,,,,,,,,,,,,,,,,,,,,""4.4 cents/kg"",""1"",0.00,0.04,0.00,2/3/2012 0:00:00,12/31/2050 0:00:00,,,,,,,,,,,,,,,,,,",,,,Soybean
2018,"85416000,""Mounted piezoelectric crystals"",""NO"",,""B"",""Free"",""0"",,0.00,0.00,0.00,,,,,,,,,,,,,,,,,,,,,,,,,,,,,,,,,,,,,,,,,,,,,,,,,,,,,,,,,,,,,,,,,,,,,,,,,,,,,""35%"",""7"",0.35,0.00,0.00,1/1/1994 0:00:00,12/31/2050 0:00:00,,,,,,,,,,,,,,,,,,",,,,Chip
2018,"85423100,""Electronic integrated circuits: processors and controllers"",""NO"",,""B"",""Free"",""0"",,0.00,0.00,0.00,,,,,,,,,,,,,,,,,,,,,,,,,,,,,,,,,,,,,,,,,,,,,,,,,,,,,,,,,,,,,,,,,,,,,,,,,,,,,""35%"",""7"",0.35,0.00,0.00,1/1/2007 0:00:00,12/31/2050 0:00:00,,,,,,,,,,,,,,,,,,",,,,Chip
2018,"85423200,""Electronic integrated circuits: memories"",""NO"",,""B"",""Free"",""0"",,0.00,0.00,0.00,,,,,,,,,,,,,,,,,,,,,,,,,,,,,,,,,,,,,,,,,,,,,,,,,,,,,,,,,,,,,,,,,,,,,,,,,,,,,""35%"",""7"",0.35,0.00,0.00,1/1/2007 0:00:00,12/31/2050 0:00:00,,,,,,,,,,,,,,,,,,",,,,Chip
2018,"85423300,""Electronic intergrated circuits: amplifiers"",""NO"",,""B"",""Free"",""0"",,0.00,0.00,0.00,,,,,,,,,,,,,,,,,,,,,,,,,,,,,,,,,,,,,,,,,,,,,,,,,,,,,,,,,,,,,,,,,,,,,,,,,,,,,""35%"",""7"",0.35,0.00,0.00,1/1/2007 0:00:00,12/31/2050 0:00:00,,,,,,,,,,,,,,,,,,",,,,Chip
2018,"85423900,""Electronic integrated circuits: other"",""NO"",,""B"",""Free"",""0"",,0.00,0.00,0.00,,,,,,,,,,,,,,,,,,,,,,,,,,,,,,,,,,,,,,,,,,,,,,,,,,,,,,,,,,,,,,,,,,,,,,,,,,,,,""35%"",""7"",0.35,0.00,0.00,1/1/2007 0:00:00,12/31/2050 0:00:00,,,,,,,,,,,,,,,,,,",,,,Chip
2018,"87036000,""Motor vehicles to transport persons, w/spark-ign. IC recip. piston engine & elec motor capable of charge by plug to external source"",""NO"",,""B"",""2.5%"",""7"",,0.02,0.00,0.00,""Free (A+,AU,B,BH,CA,CL,CO,D,E,IL,JO,KR,MA,MX,OM,P,PA,PE,SG)"",,""A+"",,""B"",,""CA"",""MX"",""0"",0.00,0.00,""E"",,,""D"",,,,,""IL"",,,,,""JO"",,,,,""SG"",,,,,""CL"",,,,,""MA"",,,,,""AU"",,,,,""BH"",,,,,""P"",,,,,,,,,,""OM"",,,,,""PE"",,,,,,,""10%"",,,,,1/1/2017 0:00:00,12/31/2050 0:00:00,,,""KR"",""0"",0.00,0.00,0.00,""CO"",,,,,""PA"",,,,,",,,,Auto
2018,"87037000,""Motor vehicles to transport persons, w/diesel engine & elec motor capable of charge by plug to external source"",""NO"",,""B"",""2.5%"",""7"",,0.02,0.00,0.00,""Free (A+,AU,B,BH,CA,CL,CO,D,E,IL,JO,KR,MA,MX,OM,P,PA,PE,SG)"",,""A+"",,""B"",,""CA"",""MX"",""0"",0.00,0.00,""E"",,,""D"",,,,,""IL"",,,,,""JO"",,,,,""SG"",,,,,""CL"",,,,,""MA"",,,,,""AU"",,,,,""BH"",,,,,""P"",,,,,,,,,,""OM"",,,,,""PE"",,,,,,,""10%"",,,,,1/1/2017 0:00:00,12/31/2050 0:00:00,,,""KR"",""0"",0.00,0.00,0.00,""CO"",,,,,""PA"",,,,,",,,,Auto
2018,"87038000,""Motor vehicles to transport persons, w/electric motor for propulsion"",""NO"",,""B"",""2.5%"",""7"",,0.02,0.00,0.00,""Free (A+,AU,B,BH,CA,CL,CO,D,E,IL,JO,KR,MA,MX,OM,P,PA,PE,SG)"",,""A+"",,""B"",,""CA"",""MX"",""0"",0.00,0.00,""E"",,,""D"",,,,,""IL"",,,,,""JO"",,,,,""SG"",,,,,""CL"",,,,,""MA"",,,,,""AU"",,,,,""BH"",,,,,""P"",,,,,,,,,,""OM"",,,,,""PE"",,,,,,,""10%"",,,,,1/1/2017 0:00:00,12/31/2050 0:00:00,,,""KR"",""0"",0.00,0.00,0.00,""CO"",,,,,""PA"",,,,,",,,,Auto
2018,"87032301,""Motor vehicles to transport persons, w/spark-ign. IC recip. piston engine, w/cyl capacity >1, 500cc but <=3, 000cc"",""NO"",,""B"",""2.5%"",""7"",,0.02,0.00,0.00,""Free (A+,AU,B,BH,CA,CL,CO,D,E,IL,JO,KR,MA,MX,OM, P,PA,PE,SG)"",,""A+"",,""B"",,""CA"",""MX"",""0"",0.00,0.00,""E"",,,""D"",,,,,""IL"",,,,,""JO"",,,,,""SG"",,,,,""CL"",,,,,""MA"",,,,,""AU"",,,,,""BH"",,,,,""P"",,,,,,,,,,""OM"",,,,,""PE"",,,,,,,""10%"",,,,,1/1/2017 0:00:00,12/31/2050 0:00:00,,,""KR"",""0"",0.00,0.00,0.00,""CO"",,,,,""PA"",,,,,",,,,Auto
2018,"85411000,""Diodes, other than photosensitive or light-emitting diodes"",""NO"",,""B"",""Free"",""0"",,0.00,0.00,0.00,,,,,,,,,,,,,,,,,,,,,,,,,,,,,,,,,,,,,,,,,,,,,,,,,,,,,,,,,,,,,,,,,,,,,,,,,,,,,""35%"",""7"",0.35,0.00,0.00,1/1/1993 0:00:00,12/31/2050 0:00:00,,,,,,,,,,,,,,,,,,",,,,Chip
2018,"85412100,""Transistors, other than photosensitive transistors, with a dissipation rating of less than 1 W"",""NO"",,""B"",""Free"",""0"",,0.00,0.00,0.00,,,,,,,,,,,,,,,,,,,,,,,,,,,,,,,,,,,,,,,,,,,,,,,,,,,,,,,,,,,,,,,,,,,,,,,,,,,,,""35%"",""7"",0.35,0.00,0.00,1/1/1989 0:00:00,12/31/2050 0:00:00,,,,,,,,,,,,,,,,,,",,,,Chip
2018,"87039001,""Motor vehicles to transport persons, nesoi"",""NO"",,""B"",""2.5%"",""7"",,0.02,0.00,0.00,""Free (A+,AU,B,BH,CA,CL,CO,D,E,IL,JO,KR,MA,MX,OM,P,PA,PE,SG)"",,""A+"",,""B"",,""CA"",""MX"",""0"",0.00,0.00,""E"",,,""D"",,,,,""IL"",,,,,""JO"",,,,,""SG"",,,,,""CL"",,,,,""MA"",,,,,""AU"",,,,,""BH"",,,,,""P"",,,,,,,,,,""OM"",,,,,""PE"",,,,,,,""10%"",,,,,1/1/2017 0:00:00,12/31/2050 0:00:00,,,""KR"",""0"",0.00,0.00,0.00,""CO"",,,,,""PA"",,,,,",,,,Auto
2018,"87032101,""Motor vehicles to transport persons, w/spark-ign. IC recip. piston engine, w/cyl capacity <= 1, 000 cc"",""NO"",,""B"",""2.5%"",""7"",,0.02,0.00,0.00,""Free (A+,AU,B,BH,CA,CL,CO,D,E,IL,JO,KR,MA,MX,OM,P,PA,PE,SG)"",,""A+"",,""B"",,""CA"",""MX"",""0"",0.00,0.00,""E"",,,""D"",,,,,""IL"",,,,,""JO"",,,,,""SG"",,,,,""CL"",,,,,""MA"",,,,,""AU"",,,,,""BH"",,,,,""P"",,,,,,,,,,""OM"",,,,,""PE"",,,,,,,""10%"",,,,,1/1/2017 0:00:00,12/31/2050 0:00:00,,,""KR"",""0"",0.00,0.00,0.00,""CO"",,,,,""PA"",,,,,",,,,Auto
2018,"87032201,""Motor vehicles to transport persons, w/spark-ign. IC recip. piston engine, w/cyl capacity > 1, 000cc but <=1, 500cc"",""NO"",,""B"",""2.5%"",""7"",,0.02,0.00,0.00,""Free (A+,AU,B,BH,CA,CL,CO,D,E,IL,JO,KR,MA,MX,OM,P,PA,PE, SG)"",,""A+"",,""B"",,""CA"",""MX"",""0"",0.00,0.00,""E"",,,""D"",,,,,""IL"",,,,,""JO"",,,,,""SG"",,,,,""CL"",,,,,""MA"",,,,,""AU"",,,,,""BH"",,,,,""P"",,,,,,,,,,""OM"",,,,,""PE"",,,,,,,""10%"",,,,,1/1/2017 0:00:00,12/31/2050 0:00:00,,,""KR"",""0"",0.00,0.00,0.00,""CO"",,,,,""PA"",,,,,",,,,Auto
2018,"85412900,""Transistors, other than photosensitive transistors, with a dissipation rating of 1 W or more"",""NO"",,""B"",""Free"",""0"",,0.00,0.00,0.00,,,,,,,,,,,,,,,,,,,,,,,,,,,,,,,,,,,,,,,,,,,,,,,,,,,,,,,,,,,,,,,,,,,,,,,,,,,,,""35%"",""7"",0.35,0.00,0.00,1/1/1989 0:00:00,12/31/2050 0:00:00,,,,,,,,,,,,,,,,,,",,,,Chip
2018,"85415000,""Semiconductor devices other than photosensitive semiconductor devices, nesoi"",""NO"",,""B"",""Free"",""0"",,0.00,0.00,0.00,,,,,,,,,,,,,,,,,,,,,,,,,,,,,,,,,,,,,,,,,,,,,,,,,,,,,,,,,,,,,,,,,,,,,,,,,,,,,""35%"",""7"",0.35,0.00,0.00,1/1/1994 0:00:00,12/31/2050 0:00:00,,,,,,,,,,,,,,,,,,",,,,Chip
2018,"85413000,""Thyristors, diacs and triacs, other than photosensitive devices"",""NO"",,""B"",""Free"",""0"",,0.00,0.00,0.00,,,,,,,,,,,,,,,,,,,,,,,,,,,,,,,,,,,,,,,,,,,,,,,,,,,,,,,,,,,,,,,,,,,,,,,,,,,,,""35%"",""7"",0.35,0.00,0.00,1/1/1989 0:00:00,12/31/2050 0:00:00,,,,,,,,,,,,,,,,,,",,,,Chip
2018,"85414020,""Light-emitting diodes (LED's)"",""NO"",,""B"",""Free"",""0"",,0.00,0.00,0.00,,,,,,,,,,,,,,,,,,,,,,,,,,,,,,,,,,,,,,,,,,,,,,,,,,,,,,,,,,,,,,,,,,,,,,,,,,,,,""20%"",""7"",0.20,0.00,0.00,1/1/1999 0:00:00,12/31/2050 0:00:00,,,,,,,,,,,,,,,,,,",,,,Chip
2018,"85414060,""Diodes for semiconductor devices, other than light-emitting diodes, nesoi"",""NO"",,""B"",""Free"",""0"",,0.00,0.00,0.00,,,,,,,,,,,,,,,,,,,,,,,,,,,,,,,,,,,,,,,,,,,,,,,,,,,,,,,,,,,,,,,,,,,,,,,,,,,,,""35%"",""7"",0.35,0.00,0.00,1/1/1989 0:00:00,12/31/2050 0:00:00,,,,,,,,,,,,,,,,,,",,,,Chip
2018,"87035000,""Motor vehicles to transport persons, w/diesel engine & elec motor incapable of charge by plug to external source"",""NO"",,""B"",""2.5%"",""7"",,0.02,0.00,0.00,""Free (A+,AU,B,BH,CA,CL,CO,D,E,IL,JO,KR,MA,MX,OM,P,PA,PE,SG)"",,""A+"",,""B"",,""CA"",""MX"",""0"",0.00,0.00,""E"",,,""D"",,,,,""IL"",,,,,""JO"",,,,,""SG"",,,,,""CL"",,,,,""MA"",,,,,""AU"",,,,,""BH"",,,,,""P"",,,,,,,,,,""OM"",,,,,""PE"",,,,,,,""10%"",,,,,1/1/2017 0:00:00,12/31/2050 0:00:00,,,""KR"",""0"",0.00,0.00,0.00,""CO"",,,,,""PA"",,,,,",,,,Auto
2018,"87032401,""Motor vehicles to transport persons, w/spark-ign. IC recip. piston engine, w/cyl capacity >3, 000cc"",""NO"",,""B"",""2.5%"",""7"",,0.02,0.00,0.00,""Free (A+,AU,B,BH,CA,CL,CO,D,E,IL,JO,KR,MA,MX,OM,P,PA,PE,SG)"",,""A+"",,""B"",,""CA"",""MX"",""0"",0.00,0.00,""E"",,,""D"",,,,,""IL"",,,,,""JO"",,,,,""SG"",,,,,""CL"",,,,,""MA"",,,,,""AU"",,,,,""BH"",,,,,""P"",,,,,,,,,,""OM"",,,,,""PE"",,,,,,,""10%"",,,,,1/1/2017 0:00:00,12/31/2050 0:00:00,,,""KR"",""0"",0.00,0.00,0.00,""CO"",,,,,""PA"",,,,,",,,,Auto
2018,"87031050,""Golf carts and similar motor vehicles"",""NO"",,""B"",""2.5%"",""7"",,0.02,0.00,0.00,""Free(A,AU,B,BH,CA,CL,CO,D,E,IL,JO,KR,MA,MX,OM,P,PA,PE,SG)"",,""A"",,""B"",,""CA"",""MX"",""0"",0.00,0.00,""E"",0.00,0.00,""D"",,,,,""IL"",,,,,""JO"",""0"",0.00,0.00,0.00,""SG"",""0"",0.00,0.00,0.00,""CL"",""0"",0.00,0.00,0.00,""MA"",""0"",0.00,0.00,0.00,""AU"",""0"",0.00,0.00,0.00,""BH"",""0"",0.00,0.00,0.00,""P"",""0"",0.00,0.00,0.00,,,,,,""OM"",""0"",0.00,0.00,0.00,""PE"",""0"",0.00,0.00,0.00,,,""10%"",""7"",0.10,0.00,0.00,1/1/2016 0:00:00,4/25/2018 0:00:00,,,""KR"",""0"",0.00,0.00,0.00,""CO"",""0"",0.00,0.00,0.00,""PA"",""0"",0.00,0.00,0.00,",,,,Auto
2018,"87033301,""Motor vehicles to transport persons, w/diesel engines, of a cylinder capacity > 2, 500cc"",""NO"",,""B"",""2.5%"",""7"",,0.02,0.00,0.00,""Free (A+,AU,B,BH,CA,CL,CO,D,E,IL,JO,KR,MA,MX,OM,P,PA,PE,SG)"",,""A+"",,""B"",,""CA"",""MX"",""0"",0.00,0.00,""E"",,,""D"",,,,,""IL"",,,,,""JO"",,,,,""SG"",,,,,""CL"",,,,,""MA"",,,,,""AU"",,,,,""BH"",,,,,""P"",,,,,,,,,,""OM"",,,,,""PE"",,,,,,,""10%"",,,,,1/1/2017 0:00:00,12/31/2050 0:00:00,,,""KR"",""0"",0.00,0.00,0.00,""CO"",,,,,""PA"",,,,,",,,,Auto
2018,"85414070,""Photosensitive transistors"",""NO"",,""B"",""Free"",""0"",,0.00,0.00,0.00,,,,,,,,,,,,,,,,,,,,,,,,,,,,,,,,,,,,,,,,,,,,,,,,,,,,,,,,,,,,,,,,,,,,,,,,,,,,,""35%"",""7"",0.35,0.00,0.00,1/1/1989 0:00:00,12/31/2050 0:00:00,,,,,,,,,,,,,,,,,,",,,,Chip
2018,"85414080,""Photosensitive semiconductor devices nesoi, optical coupled isolators"",""NO"",,""B"",""Free"",""0"",,0.00,0.00,0.00,,,,,,,,,,,,,,,,,,,,,,,,,,,,,,,,,,,,,,,,,,,,,,,,,,,,,,,,,,,,,,,,,,,,,,,,,,,,,""35%"",""7"",0.35,0.00,0.00,1/1/1994 0:00:00,12/31/2050 0:00:00,,,,,,,,,,,,,,,,,,",,,,Chip
2018,"85414095,""Photosensitive semiconductor devices nesoi, other"",""NO"",,""B"",""Free"",""0"",,0.00,0.00,0.00,,,,,,,,,,,,,,,,,,,,,,,,,,,,,,,,,,,,,,,,,,,,,,,,,,,,,,,,,,,,,,,,,,,,,,,,,,,,,""35%"",""7"",0.35,0.00,0.00,1/1/1994 0:00:00,12/31/2050 0:00:00,,,,,,,,,,,,,,,,,,",,,,Chip
2018,"87031010,""Motor vehicles specially designed for traveling on snow"",""NO"",,""B"",""2.5%"",""7"",,0.02,0.00,0.00,""Free (A+,AU,B,BH,CA,CL,CO,D,E,IL,JO,KR,MA,MX,OM,P,PA,PE,SG)"",,""A+"",,""B"",,""CA"",""MX"",""0"",0.00,0.00,""E"",0.00,0.00,""D"",,,,,""IL"",,,,,""JO"",""0"",0.00,0.00,0.00,""SG"",""0"",0.00,0.00,0.00,""CL"",""0"",0.00,0.00,0.00,""MA"",""0"",0.00,0.00,0.00,""AU"",""0"",0.00,0.00,0.00,""BH"",""0"",0.00,0.00,0.00,""P"",""0"",0.00,0.00,0.00,,,,,,""OM"",""0"",0.00,0.00,0.00,""PE"",""0"",0.00,0.00,0.00,,,""10%"",""7"",0.10,0.00,0.00,1/1/2016 0:00:00,12/31/2050 0:00:00,,,""KR"",""0"",0.00,0.00,0.00,""CO"",""0"",0.00,0.00,0.00,""PA"",""0"",0.00,0.00,0.00,",,,,Auto
2018,"87034000,""Motor vehicles to transport persons, w/spark-ign. IC recip. piston engine & elec motor incapable of charge by plug to external source"",""NO"",,""B"",""2.5%"",""7"",,0.02,0.00,0.00,""Free (A+,AU,B,BH,CA,CL,CO,D,E,IL,JO,KR,MA,MX,OM,P,PA,PE,SG)"",,""A+"",,""B"",,""CA"",""MX"",""0"",0.00,0.00,""E"",,,""D"",,,,,""IL"",,,,,""JO"",,,,,""SG"",,,,,""CL"",,,,,""MA"",,,,,""AU"",,,,,""BH"",,,,,""P"",,,,,,,,,,""OM"",,,,,""PE"",,,,,,,""10%"",,,,,1/1/2017 0:00:00,12/31/2050 0:00:00,,,""KR"",""0"",0.00,0.00,0.00,""CO"",,,,,""PA"",,,,,",,,,Auto
2018,"87033101,""Motor vehicles to transport persons, w/diesel engines, of a cylinder capacity <= 1, 500cc"",""NO"",,""B"",""2.5%"",""7"",,0.02,0.00,0.00,""Free (A+,AU,B,BH,CA,CL,CO,D,E,IL,JO,KR,MA,MX,OM,P,PA,PE,SG)"",,""A+"",,""B"",,""CA"",""MX"",""0"",0.00,0.00,""E"",,,""D"",,,,,""IL"",,,,,""JO"",,,,,""SG"",,,,,""CL"",,,,,""MA"",,,,,""AU"",,,,,""BH"",,,,,""P"",,,,,,,,,,""OM"",,,,,""PE"",,,,,,,""10%"",,,,,1/1/2017 0:00:00,12/31/2050 0:00:00,,,""KR"",""0"",0.00,0.00,0.00,""CO"",,,,,""PA"",,,,,",,,,Auto
2018,"87033201,""Motor vehicles to transport persons, w/diesel engines, of a cylinder capacity > 1, 500cc but <= 2, 500cc"",""NO"",,""B"",""2.5%"",""7"",,0.02,0.00,0.00,""Free (A+,AU,B,BH,CA,CL,CO,D,E,IL,JO,KR,MA,MX,OM,P,PA,PE,SG)"",,""A+"",,""B"",,""CA"",""MX"",""0"",0.00,0.00,""E"",,,""D"",,,,,""IL"",,,,,""JO"",,,,,""SG"",,,,,""CL"",,,,,""MA"",,,,,""AU"",,,,,""BH"",,,,,""P"",,,,,,,,,,""OM"",,,,,""PE"",,,,,,,""10%"",,,,,1/1/2017 0:00:00,12/31/2050 0:00:00,,,""KR"",""0"",0.00,0.00,0.00,""CO"",,,,,""PA"",,,,,",,,,Auto
2018,"87031050,""Golf carts and similar motor vehicles"",""NO"",,""B"",""2.5%"",""7"",,0.02,0.00,0.00,""Free(A*,AU,B,BH,CA,CL,CO,D,E,IL,JO,KR,MA,MX,OM,P,PA,PE,SG)"",,""A*"",""UA"",""B"",,""CA"",""MX"",""0"",0.00,0.00,""E"",0.00,0.00,""D"",,,,,""IL"",,,,,""JO"",""0"",0.00,0.00,0.00,""SG"",""0"",0.00,0.00,0.00,""CL"",""0"",0.00,0.00,0.00,""MA"",""0"",0.00,0.00,0.00,""AU"",""0"",0.00,0.00,0.00,""BH"",""0"",0.00,0.00,0.00,""P"",""0"",0.00,0.00,0.00,,,,,,""OM"",""0"",0.00,0.00,0.00,""PE"",""0"",0.00,0.00,0.00,,,""10%"",""7"",0.10,0.00,0.00,4/26/2018 0:00:00,12/31/2050 0:00:00,,,""KR"",""0"",0.00,0.00,0.00,""CO"",""0"",0.00,0.00,0.00,""PA"",""0"",0.00,0.00,0.00,",,,,Auto
2018,"85419000,""Parts of diodes, transistors, similar semiconductor devices, photosensitive semiconductor devices, LED's and mounted piezoelectric crystals"",""X"",,""B"",""Free"",""0"",,0.00,0.00,0.00,,,,,,,,,,,,,,,,,,,,,,,,,,,,,,,,,,,,,,,,,,,,,,,,,,,,,,,,,,,,,,,,,,,,,,,,,,,,,""35%"",""7"",0.35,0.00,0.00,1/1/1989 0:00:00,12/31/2050 0:00:00,,,,,,,,,,,,,,,,,,",,,,Chip
2018,"85429000,""Parts of electronic integrated circuits and microassemblies"",""X"",,""B"",""Free"",""0"",,0.00,0.00,0.00,,,,,,,,,,,,,,,,,,,,,,,,,,,,,,,,,,,,,,,,,,,,,,,,,,,,,,,,,,,,,,,,,,,,,,,,,,,,,""35%"",""7"",0.35,0.00,0.00,1/1/1989 0:00:00,12/31/2050 0:00:00,,,,,,,,,,,,,,,,,,",,,,Chip
2025,"12019000,""Soybeans, whether or not broken, other than seed"",""KG"",,""B"",""Free"",""0"",,0,0,0,,,,,,,,,,,,,,,,,,,,,,,,,,,,,,,,,,,,,,,,,,,,,,,,,,,,,,,,,,,,,,,,,,,,,,,,,,,,,""4.4 cents/kg"",""1"",0,0.044,0,02/03/2012,12/31/2050,,,,,,,,,,,,,,,,,,,,,,,,,,,,",,,,Soybean
2025,"85411000,""Diodes, other than photosensitive or light-emitting diodes"",""NO"",,""B"",""Free"",""0"",,0,0,0,,,,,,,,,,,,,,,,,,,,,,,,,,,,,,,,,,,,,,,,,,,,,,,,,,,,,,,,,,,,,,,,,,,,,,,,,,,,,""35%"",""7"",0.35,0,0,01/01/1993,12/31/2050,,,,,,,,,,,,,,,,,,,,,,,,,,,,",,,,Chip
2025,"85412100,""Transistors, other than photosensitive transistors, with a dissipation rating of less than 1 W"",""NO"",,""B"",""Free"",""0"",,0,0,0,,,,,,,,,,,,,,,,,,,,,,,,,,,,,,,,,,,,,,,,,,,,,,,,,,,,,,,,,,,,,,,,,,,,,,,,,,,,,""35%"",""7"",0.35,0,0,01/01/1989,12/31/2050,,,,,,,,,,,,,,,,,,,,,,,,,,,,",,,,Chip
2025,"85412900,""Transistors, other than photosensitive transistors, with a dissipation rating of 1 W or more"",""NO"",,""B"",""Free"",""0"",,0,0,0,,,,,,,,,,,,,,,,,,,,,,,,,,,,,,,,,,,,,,,,,,,,,,,,,,,,,,,,,,,,,,,,,,,,,,,,,,,,,""35%"",""7"",0.35,0,0,01/01/1989,12/31/2050,,,,,,,,,,,,,,,,,,,,,,,,,,,,",,,,Chip
2025,"85413000,""Thyristors, diacs and triacs, other than photosensitive devices"",""NO"",,""B"",""Free"",""0"",,0,0,0,,,,,,,,,,,,,,,,,,,,,,,,,,,,,,,,,,,,,,,,,,,,,,,,,,,,,,,,,,,,,,,,,,,,,,,,,,,,,""35%"",""7"",0.35,0,0,01/01/1989,12/31/2050,,,,,,,,,,,,,,,,,,,,,,,,,,,,",,,,Chip
2025,"85414100,""Light-emitting diodes"",""NO"",,""B"",""Free"",""0"",,0,0,0,,,,,,,,,,,,,,,,,,,,,,,,,,,,,,,,,,,,,,,,,,,,,,,,,,,,,,,,,,,,,,,,,,,,,,,,,,,,,""20%"",""7"",0.2,0,0,01/27/2022,12/31/2050,,,,,,,,,,,,,,,,,,,,,,,,,,,,",,,,Chip
2025,"85414200,""Photovoltaic cells, not assembled in modules or made up into panels"",""NO"",""NA"",""B"",""Free"",""0"",,0,0,0,,,,,,,,,,,,,,,,,,,,,,,,,,,,,,,,,,,,,,,,,,,,,,,,,,,,,,,,,,,,,,,,,,,,,,,,,,,,,""35%"",""7"",0.35,0,0,01/27/2022,12/31/2050,,,,,,,,,,,,,,,,,,,,,,,,,,,,",,,,Chip
2025,"85414300,""Photovoltaic cells assembled in modules or made up into panels"",""NO"",""NA"",""B"",""Free"",""0"",,0,0,0,,,,,,,,,,,,,,,,,,,,,,,,,,,,,,,,,,,,,,,,,,,,,,,,,,,,,,,,,,,,,,,,,,,,,,,,,,,,,""35%"",""7"",0.35,0,0,01/27/2022,12/31/2050,,,,,,,,,,,,,,,,,,,,,,,,,,,,",,,,Chip
2025,"85414910,""Other photosensitive semiconductor diodes, other than light-emitting"",""NO"",""NA"",""B"",""Free"",""0"",,0,0,0,,,,,,,,,,,,,,,,,,,,,,,,,,,,,,,,,,,,,,,,,,,,,,,,,,,,,,,,,,,,,,,,,,,,,,,,,,,,,""35%"",""7"",0.35,0,0,01/27/2022,12/31/2050,,,,,,,,,,,,,,,,,,,,,,,,,,,,",,,,Chip
2025,"85414970,""Other photosensitive semiconductor transistors"",""NO"",,""B"",""Free"",""0"",,0,0,0,,,,,,,,,,,,,,,,,,,,,,,,,,,,,,,,,,,,,,,,,,,,,,,,,,,,,,,,,,,,,,,,,,,,,,,,,,,,,""35%"",""7"",0.35,0,0,01/27/2022,12/31/2050,,,,,,,,,,,,,,,,,,,,,,,,,,,,",,,,Chip
2025,"85414980,""Optical coupled isolators"",""NO"",,""B"",""Free"",""0"",,0,0,0,,,,,,,,,,,,,,,,,,,,,,,,,,,,,,,,,,,,,,,,,,,,,,,,,,,,,,,,,,,,,,,,,,,,,,,,,,,,,""35%"",""7"",0.35,0,0,01/27/2022,12/31/2050,,,,,,,,,,,,,,,,,,,,,,,,,,,,",,,,Chip
2025,"85414995,""Other photosensitive semiconductor devices, other than diodes or transistors, nesoi"",""NO"",,""B"",""Free"",""0"",,0,0,0,,,,,,,,,,,,,,,,,,,,,,,,,,,,,,,,,,,,,,,,,,,,,,,,,,,,,,,,,,,,,,,,,,,,,,,,,,,,,""35%"",""7"",0.35,0,0,01/27/2022,12/31/2050,,,,,,,,,,,,,,,,,,,,,,,,,,,,",,,,Chip
2025,"85415100,""Other semiconductor-based transducers, other than photosensitive transducers"",""NO"",,""B"",""Free"",""0"",,0,0,0,,,,,,,,,,,,,,,,,,,,,,,,,,,,,,,,,,,,,,,,,,,,,,,,,,,,,,,,,,,,,,,,,,,,,,,,,,,,,""35%"",""7"",0.35,0,0,01/27/2022,12/31/2050,,,,,,,,,,,,,,,,,,,,,,,,,,,,",,,,Chip
2025,"85415900,""Other semiconductor devices, other than semiconductor-based transducers, other than photosensitive devices, nesoi"",""NO"",,""B"",""Free"",""0"",,0,0,0,,,,,,,,,,,,,,,,,,,,,,,,,,,,,,,,,,,,,,,,,,,,,,,,,,,,,,,,,,,,,,,,,,,,,,,,,,,,,""35%"",""7"",0.35,0,0,01/27/2022,12/31/2050,,,,,,,,,,,,,,,,,,,,,,,,,,,,",,,,Chip
2025,"85416000,""Mounted piezoelectric crystals"",""NO"",,""B"",""Free"",""0"",,0,0,0,,,,,,,,,,,,,,,,,,,,,,,,,,,,,,,,,,,,,,,,,,,,,,,,,,,,,,,,,,,,,,,,,,,,,,,,,,,,,""35%"",""7"",0.35,0,0,01/01/1994,12/31/2050,,,,,,,,,,,,,,,,,,,,,,,,,,,,",,,,Chip
2025,"85419000,""Parts of diodes, transistors, similar semiconductor devices, photosensitive semiconductor devices, LED's and mounted piezoelectric crystals"",""NO"",,""B"",""Free"",""0"",,0,0,0,,,,,,,,,,,,,,,,,,,,,,,,,,,,,,,,,,,,,,,,,,,,,,,,,,,,,,,,,,,,,,,,,,,,,,,,,,,,,""35%"",""7"",0.35,0,0,01/01/1989,12/31/2050,,,,,,,,,,,,,,,,,,,,,,,,,,,,",,,,Chip
2025,"85423100,""Electronic integrated circuits: processors and controllers"",""NO"",,""B"",""Free"",""0"",,0,0,0,,,,,,,,,,,,,,,,,,,,,,,,,,,,,,,,,,,,,,,,,,,,,,,,,,,,,,,,,,,,,,,,,,,,,,,,,,,,,""35%"",""7"",0.35,0,0,01/01/2007,12/31/2050,,,,,,,,,,,,,,,,,,,,,,,,,,,,",,,,Chip
2025,"85423200,""Electronic integrated circuits: memories"",""NO"",,""B"",""Free"",""0"",,0,0,0,,,,,,,,,,,,,,,,,,,,,,,,,,,,,,,,,,,,,,,,,,,,,,,,,,,,,,,,,,,,,,,,,,,,,,,,,,,,,""35%"",""7"",0.35,0,0,01/01/2007,12/31/2050,,,,,,,,,,,,,,,,,,,,,,,,,,,,",,,,Chip
2025,"85423300,""Electronic intergrated circuits: amplifiers"",""NO"",,""B"",""Free"",""0"",,0,0,0,,,,,,,,,,,,,,,,,,,,,,,,,,,,,,,,,,,,,,,,,,,,,,,,,,,,,,,,,,,,,,,,,,,,,,,,,,,,,""35%"",""7"",0.35,0,0,01/01/2007,12/31/2050,,,,,,,,,,,,,,,,,,,,,,,,,,,,",,,,Chip
2025,"85423900,""Electronic integrated circuits: other"",""NO"",,""B"",""Free"",""0"",,0,0,0,,,,,,,,,,,,,,,,,,,,,,,,,,,,,,,,,,,,,,,,,,,,,,,,,,,,,,,,,,,,,,,,,,,,,,,,,,,,,""35%"",""7"",0.35,0,0,01/01/2007,12/31/2050,,,,,,,,,,,,,,,,,,,,,,,,,,,,",,,,Chip
2025,"85429000,""Parts of electronic integrated circuits and microassemblies"",""NO"",,""B"",""Free"",""0"",,0,0,0,,,,,,,,,,,,,,,,,,,,,,,,,,,,,,,,,,,,,,,,,,,,,,,,,,,,,,,,,,,,,,,,,,,,,,,,,,,,,""35%"",""7"",0.35,0,0,01/01/1989,12/31/2050,,,,,,,,,,,,,,,,,,,,,,,,,,,,",,,,Chip
2025,"87031010,""Motor vehicles specially designed for traveling on snow"",""NO"",,""B"",""2.5%"",""7"",,0.025,0,0,""Free (A+,AU,B,BH,CL,CO,D,E,IL,JO,KR,MA,OM,P,PA,PE,S,SG)"",,""A+"",,""B"",,""CA"",""MX"",""0"",0,0,""E"",0,0,""D"",,,,,""IL"",,,,,""JO"",""0"",0,0,0,""SG"",""0"",0,0,0,""CL"",""0"",0,0,0,""MA"",""0"",0,0,0,""AU"",""0"",0,0,0,""BH"",""0"",0,0,0,""P"",""0"",0,0,0,,,,,,""OM"",""0"",0,0,0,""PE"",""0"",0,0,0,,,""10%"",""7"",0.1,0,0,07/01/2020,12/31/2050,,,""KR"",""0"",0,0,0,""CO"",""0"",0,0,0,""PA"",""0"",0,0,0,,,,,,,""S"",""0"",0,0,0",,,,Auto
2025,"87031050,""Golf carts and similar motor vehicles"",""NO"",,""B"",""2.5%"",""7"",,0.025,0,0,""Free (A,AU,B,BH,CL,CO,D,E,IL,JO,KR,MA,OM,P,PA,PE,S,SG)"",,""A"",,""B"",,""CA"",""MX"",""0"",0,0,""E"",0,0,""D"",,,,,""IL"",,,,,""JO"",""0"",0,0,0,""SG"",""0"",0,0,0,""CL"",""0"",0,0,0,""MA"",""0"",0,0,0,""AU"",""0"",0,0,0,""BH"",""0"",0,0,0,""P"",""0"",0,0,0,,,,,,""OM"",""0"",0,0,0,""PE"",""0"",0,0,0,,,""10%"",""7"",0.1,0,0,07/01/2020,12/31/2050,,,""KR"",""0"",0,0,0,""CO"",""0"",0,0,0,""PA"",""0"",0,0,0,,,,,,,""S"",""0"",0,0,0",,,,Auto
2025,"87032101,""Motor vehicles to transport persons, w/spark-ign. IC recip. piston engine, w/cyl capacity <= 1, 000 cc"",""NO"",,""B"",""2.5%"",""7"",,0.025,0,0,""Free (A+,AU,B,BH,CL,CO,D,E,IL,JO,KR,MA,OM,P,PA,PE,S,SG)"",,""A+"",,""B"",,""CA"",""MX"",""0"",0,0,""E"",,,""D"",,,,,""IL"",,,,,""JO"",""0"",0,0,0,""SG"",,,,,""CL"",,,,,""MA"",""0"",,,,""AU"",,,,,""BH"",,,,,""P"",,,,,,,,,,""OM"",,,,,""PE"",,,,,,,""10%"",""7"",0.1,0,0,07/01/2020,12/31/2050,,,""KR"",""0"",0,0,0,""CO"",,,,,""PA"",,,,,,,,,,,""S"",""0"",0,0,0",,,,Auto
2025,"87032201,""Motor vehicles to transport persons, w/spark-ign. IC recip. piston engine, w/cyl capacity > 1, 000cc but <=1, 500cc"",""NO"",,""B"",""2.5%"",""7"",,0.025,0,0,""Free (A+,AU,B,BH,CL,CO,D,E,IL,JO,KR,MA,OM,P,PA,PE,S, SG)"",,""A+"",,""B"",,""CA"",""MX"",""0"",0,0,""E"",,,""D"",,,,,""IL"",,,,,""JO"",""0"",0,0,0,""SG"",,,,,""CL"",,,,,""MA"",""0"",,,,""AU"",,,,,""BH"",,,,,""P"",,,,,,,,,,""OM"",,,,,""PE"",,,,,,,""10%"",""7"",0.1,0,0,07/01/2020,12/31/2050,,,""KR"",""0"",0,0,0,""CO"",,,,,""PA"",,,,,,,,,,,""S"",""0"",0,0,0",,,,Auto
2025,"87032301,""Motor vehicles to transport persons, w/spark-ign. IC recip. piston engine, w/cyl capacity >1, 500cc but <=3, 000cc"",""NO"",,""B"",""2.5%"",""7"",,0.025,0,0,""Free (A+,AU,B,BH,CL,CO,D,E,IL,JO,KR,MA,OM, P,PA,PE,S,SG)"",,""A+"",,""B"",,""CA"",""MX"",""0"",0,0,""E"",,,""D"",,,,,""IL"",,,,,""JO"",""0"",0,0,0,""SG"",,,,,""CL"",,,,,""MA"",""0"",,,,""AU"",,,,,""BH"",,,,,""P"",,,,,,,,,,""OM"",,,,,""PE"",,,,,,,""10%"",""7"",0.1,0,0,07/01/2020,12/31/2050,,,""KR"",""0"",0,0,0,""CO"",,,,,""PA"",,,,,,,,,,,""S"",""0"",0,0,0",,,,Auto
2025,"87032401,""Motor vehicles to transport persons, w/spark-ign. IC recip. piston engine, w/cyl capacity >3, 000cc"",""NO"",,""B"",""2.5%"",""7"",,0.025,0,0,""Free (A+,AU,B,BH,CL,CO,D,E,IL,JO,KR,MA,OM,P,PA,PE,S,SG)"",,""A+"",,""B"",,""CA"",""MX"",""0"",0,0,""E"",,,""D"",,,,,""IL"",,,,,""JO"",""0"",0,0,0,""SG"",,,,,""CL"",,,,,""MA"",""0"",,,,""AU"",,,,,""BH"",,,,,""P"",,,,,,,,,,""OM"",,,,,""PE"",,,,,,,""10%"",""7"",0.1,0,0,07/01/2020,12/31/2050,,,""KR"",""0"",0,0,0,""CO"",,,,,""PA"",,,,,,,,,,,""S"",""0"",0,0,0",,,,Auto
2025,"87033101,""Motor vehicles to transport persons, w/diesel engines, of a cylinder capacity <= 1, 500cc"",""NO"",,""B"",""2.5%"",""7"",,0.025,0,0,""Free (A+,AU,B,BH,CL,CO,D,E,IL,JO,KR,MA,OM,P,PA,PE,S,SG)"",,""A+"",,""B"",,""CA"",""MX"",""0"",0,0,""E"",,,""D"",,,,,""IL"",,,,,""JO"",""0"",0,0,0,""SG"",,,,,""CL"",,,,,""MA"",""0"",,,,""AU"",,,,,""BH"",,,,,""P"",,,,,,,,,,""OM"",,,,,""PE"",,,,,,,""10%"",""7"",0.1,0,0,07/01/2020,12/31/2050,,,""KR"",""0"",0,0,0,""CO"",,,,,""PA"",,,,,,,,,,,""S"",""0"",0,0,0",,,,Auto
2025,"87033201,""Motor vehicles to transport persons, w/diesel engines, of a cylinder capacity > 1, 500cc but <= 2, 500cc"",""NO"",,""B"",""2.5%"",""7"",,0.025,0,0,""Free (A+,AU,B,BH,CL,CO,D,E,IL,JO,KR,MA,OM,P,PA,PE,S,SG)"",,""A+"",,""B"",,""CA"",""MX"",""0"",0,0,""E"",,,""D"",,,,,""IL"",,,,,""JO"",""0"",0,0,0,""SG"",,,,,""CL"",,,,,""MA"",""0"",,,,""AU"",,,,,""BH"",,,,,""P"",,,,,,,,,,""OM"",,,,,""PE"",,,,,,,""10%"",""7"",0.1,0,0,07/01/2020,12/31/2050,,,""KR"",""0"",0,0,0,""CO"",,,,,""PA"",,,,,,,,,,,""S"",""0"",0,0,0",,,,Auto
2025,"87033301,""Motor vehicles to transport persons, w/diesel engines, of a cylinder capacity > 2, 500cc"",""NO"",,""B"",""2.5%"",""7"",,0.025,0,0,""Free (A+,AU,B,BH,CL,CO,D,E,IL,JO,KR,MA,OM,P,PA,PE,S,SG)"",,""A+"",,""B"",,""CA"",""MX"",""0"",0,0,""E"",,,""D"",,,,,""IL"",,,,,""JO"",""0"",0,0,0,""SG"",,,,,""CL"",,,,,""MA"",""0"",,,,""AU"",,,,,""BH"",,,,,""P"",,,,,,,,,,""OM"",,,,,""PE"",,,,,,,""10%"",""7"",0.1,0,0,07/01/2020,12/31/2050,,,""KR"",""0"",0,0,0,""CO"",,,,,""PA"",,,,,,,,,,,""S"",""0"",0,0,0",,,,Auto
2025,"87034000,""Motor vehicles to transport persons, w/spark-ign. IC recip. piston engine & elec motor incapable of charge by plug to external source"",""NO"",,""B"",""2.5%"",""7"",,0.025,0,0,""Free (A+,AU,B,BH,CL,CO,D,E,IL,JO,KR,MA,OM,P,PA,PE,S,SG)"",,""A+"",,""B"",,""CA"",""MX"",""0"",0,0,""E"",,,""D"",,,,,""IL"",,,,,""JO"",""0"",0,0,0,""SG"",,,,,""CL"",,,,,""MA"",""0"",,,,""AU"",,,,,""BH"",,,,,""P"",,,,,,,,,,""OM"",,,,,""PE"",,,,,,,""10%"",""7"",0.1,0,0,07/01/2020,12/31/2050,,,""KR"",""0"",0,0,0,""CO"",,,,,""PA"",,,,,,,,,,,""S"",""0"",0,0,0",,,,Auto
2025,"87035000,""Motor vehicles to transport persons, w/diesel engine & elec motor incapable of charge by plug to external source"",""NO"",,""B"",""2.5%"",""7"",,0.025,0,0,""Free (A+,AU,B,BH,CL,CO,D,E,IL,JO,KR,MA,OM,P,PA,PE,S,SG)"",,""A+"",,""B"",,""CA"",""MX"",""0"",0,0,""E"",,,""D"",,,,,""IL"",,,,,""JO"",""0"",0,0,0,""SG"",,,,,""CL"",,,,,""MA"",""0"",,,,""AU"",,,,,""BH"",,,,,""P"",,,,,,,,,,""OM"",,,,,""PE"",,,,,,,""10%"",""7"",0.1,0,0,07/01/2020,12/31/2050,,,""KR"",""0"",0,0,0,""CO"",,,,,""PA"",,,,,,,,,,,""S"",""0"",0,0,0",,,,Auto
2025,"87036000,""Motor vehicles to transport persons, w/spark-ign. IC recip. piston engine & elec motor capable of charge by plug to external source"",""NO"",,""B"",""2.5%"",""7"",,0.025,0,0,""Free (A+,AU,B,BH,CL,CO,D,E,IL,JO,KR,MA,OM,P,PA,PE,S,SG)"",,""A+"",,""B"",,""CA"",""MX"",""0"",0,0,""E"",,,""D"",,,,,""IL"",,,,,""JO"",""0"",0,0,0,""SG"",,,,,""CL"",,,,,""MA"",""0"",,,,""AU"",,,,,""BH"",,,,,""P"",,,,,,,,,,""OM"",,,,,""PE"",,,,,,,""10%"",""7"",0.1,0,0,07/01/2020,12/31/2050,,,""KR"",""0"",0,0,0,""CO"",,,,,""PA"",,,,,,,,,,,""S"",""0"",0,0,0",,,,Auto
2025,"87037000,""Motor vehicles to transport persons, w/diesel engine & elec motor capable of charge by plug to external source"",""NO"",,""B"",""2.5%"",""7"",,0.025,0,0,""Free (A+,AU,B,BH,CL,CO,D,E,IL,JO,KR,MA,OM,P,PA,PE,S,SG)"",,""A+"",,""B"",,""CA"",""MX"",""0"",0,0,""E"",,,""D"",,,,,""IL"",,,,,""JO"",""0"",0,0,0,""SG"",,,,,""CL"",,,,,""MA"",""0"",,,,""AU"",,,,,""BH"",,,,,""P"",,,,,,,,,,""OM"",,,,,""PE"",,,,,,,""10%"",""7"",0.1,0,0,07/01/2020,12/31/2050,,,""KR"",""0"",0,0,0,""CO"",,,,,""PA"",,,,,,,,,,,""S"",""0"",0,0,0",,,,Auto
2025,"87038000,""Motor vehicles to transport persons, w/electric motor for propulsion"",""NO"",,""B"",""2.5%"",""7"",,0.025,0,0,""Free (A+,AU,B,BH,CL,CO,D,E,IL,JO,KR,MA,OM,P,PA,PE,S,SG)"",,""A+"",,""B"",,""CA"",""MX"",""0"",0,0,""E"",,,""D"",,,,,""IL"",,,,,""JO"",""0"",0,0,0,""SG"",,,,,""CL"",,,,,""MA"",""0"",,,,""AU"",,,,,""BH"",,,,,""P"",,,,,,,,,,""OM"",,,,,""PE"",,,,,,,""10%"",""7"",0.1,0,0,07/01/2020,12/31/2050,,,""KR"",""0"",0,0,0,""CO"",,,,,""PA"",,,,,,,,,,,""S"",""0"",0,0,0",,,,Auto
2025,"87039001,""Motor vehicles to transport persons, nesoi"",""NO"",,""B"",""2.5%"",""7"",,0.025,0,0,""Free (A+,AU,B,BH,CL,CO,D,E,IL,JO,KR,MA,OM,P,PA,PE,S,SG)"",,""A+"",,""B"",,""CA"",""MX"",""0"",0,0,""E"",,,""D"",,,,,""IL"",,,,,""JO"",""0"",0,0,0,""SG"",,,,,""CL"",,,,,""MA"",""0"",,,,""AU"",,,,,""BH"",,,,,""P"",,,,,,,,,,""OM"",,,,,""PE"",,,,,,,""10%"",""7"",0.1,0,0,07/01/2020,12/31/2050,,,""KR"",""0"",0,0,0,""CO"",,,,,""PA"",,,,,,,,,,,""S"",""0"",0,0,0",,,,Auto
